{
    "KkRt5pG33IeNGg2wUZBtK1uibKo2|image6": {
        "KkRt5pG33IeNGg2wUZBtK1uibKo2|image4": 0.08695652173913043, 
        "KkRt5pG33IeNGg2wUZBtK1uibKo2|image5": 0.3333333333333333, 
        "KkRt5pG33IeNGg2wUZBtK1uibKo2|image2": 0.08333333333333333, 
        "KkRt5pG33IeNGg2wUZBtK1uibKo2|image3": 0.07142857142857142, 
        "KkRt5pG33IeNGg2wUZBtK1uibKo2|image0": 0.07142857142857142, 
        "KkRt5pG33IeNGg2wUZBtK1uibKo2|image1": 0.07142857142857142, 
        "KkRt5pG33IeNGg2wUZBtK1uibKo2|image8": 0.07692307692307693, 
        "KkRt5pG33IeNGg2wUZBtK1uibKo2|image9": 0.35, 
        "KkRt5pG33IeNGg2wUZBtK1uibKo2|image10": 0.07142857142857142
    }, 
    "KkRt5pG33IeNGg2wUZBtK1uibKo2|image7": {
        "KkRt5pG33IeNGg2wUZBtK1uibKo2|profile": 1.0
    }, 
    "KkRt5pG33IeNGg2wUZBtK1uibKo2|image4": {
        "KkRt5pG33IeNGg2wUZBtK1uibKo2|image6": 0.08695652173913043, 
        "KkRt5pG33IeNGg2wUZBtK1uibKo2|image5": 0.13333333333333333, 
        "KkRt5pG33IeNGg2wUZBtK1uibKo2|image2": 0.07142857142857142, 
        "KkRt5pG33IeNGg2wUZBtK1uibKo2|image3": 0.05555555555555555, 
        "KkRt5pG33IeNGg2wUZBtK1uibKo2|image0": 0.35714285714285715, 
        "KkRt5pG33IeNGg2wUZBtK1uibKo2|image1": 0.26666666666666666, 
        "KkRt5pG33IeNGg2wUZBtK1uibKo2|image8": 0.13333333333333333, 
        "KkRt5pG33IeNGg2wUZBtK1uibKo2|image9": 0.14285714285714285, 
        "KkRt5pG33IeNGg2wUZBtK1uibKo2|image10": 0.35714285714285715
    }, 
    "KkRt5pG33IeNGg2wUZBtK1uibKo2|image5": {
        "KkRt5pG33IeNGg2wUZBtK1uibKo2|image6": 0.3333333333333333, 
        "KkRt5pG33IeNGg2wUZBtK1uibKo2|image4": 0.13333333333333333, 
        "KkRt5pG33IeNGg2wUZBtK1uibKo2|image2": 0.125, 
        "KkRt5pG33IeNGg2wUZBtK1uibKo2|image3": 0.047619047619047616, 
        "KkRt5pG33IeNGg2wUZBtK1uibKo2|image0": 0.1, 
        "KkRt5pG33IeNGg2wUZBtK1uibKo2|image1": 0.1, 
        "KkRt5pG33IeNGg2wUZBtK1uibKo2|image8": 0.05263157894736842, 
        "KkRt5pG33IeNGg2wUZBtK1uibKo2|image9": 0.5833333333333334, 
        "KkRt5pG33IeNGg2wUZBtK1uibKo2|image10": 0.1
    }, 
    "KkRt5pG33IeNGg2wUZBtK1uibKo2|image2": {
        "KkRt5pG33IeNGg2wUZBtK1uibKo2|image6": 0.08333333333333333, 
        "KkRt5pG33IeNGg2wUZBtK1uibKo2|image4": 0.07142857142857142, 
        "KkRt5pG33IeNGg2wUZBtK1uibKo2|image5": 0.125, 
        "KkRt5pG33IeNGg2wUZBtK1uibKo2|image3": 0.42857142857142855, 
        "KkRt5pG33IeNGg2wUZBtK1uibKo2|image0": 0.1111111111111111, 
        "KkRt5pG33IeNGg2wUZBtK1uibKo2|image1": 0.1111111111111111, 
        "KkRt5pG33IeNGg2wUZBtK1uibKo2|image8": 0.058823529411764705, 
        "KkRt5pG33IeNGg2wUZBtK1uibKo2|image9": 0.13333333333333333, 
        "KkRt5pG33IeNGg2wUZBtK1uibKo2|image10": 0.1111111111111111
    }, 
    "KkRt5pG33IeNGg2wUZBtK1uibKo2|image3": {
        "KkRt5pG33IeNGg2wUZBtK1uibKo2|image6": 0.07142857142857142, 
        "KkRt5pG33IeNGg2wUZBtK1uibKo2|image4": 0.05555555555555555, 
        "KkRt5pG33IeNGg2wUZBtK1uibKo2|image5": 0.047619047619047616, 
        "KkRt5pG33IeNGg2wUZBtK1uibKo2|image2": 0.42857142857142855, 
        "KkRt5pG33IeNGg2wUZBtK1uibKo2|image0": 0.09090909090909091, 
        "KkRt5pG33IeNGg2wUZBtK1uibKo2|image1": 0.09090909090909091, 
        "KkRt5pG33IeNGg2wUZBtK1uibKo2|image8": 0.047619047619047616, 
        "KkRt5pG33IeNGg2wUZBtK1uibKo2|image9": 0.05, 
        "KkRt5pG33IeNGg2wUZBtK1uibKo2|image10": 0.09090909090909091
    }, 
    "KkRt5pG33IeNGg2wUZBtK1uibKo2|image0": {
        "KkRt5pG33IeNGg2wUZBtK1uibKo2|image6": 0.07142857142857142, 
        "KkRt5pG33IeNGg2wUZBtK1uibKo2|image4": 0.35714285714285715, 
        "KkRt5pG33IeNGg2wUZBtK1uibKo2|image5": 0.1, 
        "KkRt5pG33IeNGg2wUZBtK1uibKo2|image2": 0.1111111111111111, 
        "KkRt5pG33IeNGg2wUZBtK1uibKo2|image3": 0.043478260869565216, 
        "KkRt5pG33IeNGg2wUZBtK1uibKo2|image1": 0.7142857142857143, 
        "KkRt5pG33IeNGg2wUZBtK1uibKo2|image8": 0.1, 
        "KkRt5pG33IeNGg2wUZBtK1uibKo2|image9": 0.10526315789473684, 
        "KkRt5pG33IeNGg2wUZBtK1uibKo2|image10": 1.0
    }, 
    "KkRt5pG33IeNGg2wUZBtK1uibKo2|image1": {
        "KkRt5pG33IeNGg2wUZBtK1uibKo2|image6": 0.07142857142857142, 
        "KkRt5pG33IeNGg2wUZBtK1uibKo2|image4": 0.26666666666666666, 
        "KkRt5pG33IeNGg2wUZBtK1uibKo2|image5": 0.1, 
        "KkRt5pG33IeNGg2wUZBtK1uibKo2|image2": 0.1111111111111111, 
        "KkRt5pG33IeNGg2wUZBtK1uibKo2|image3": 0.043478260869565216, 
        "KkRt5pG33IeNGg2wUZBtK1uibKo2|image0": 0.8461538461538461, 
        "KkRt5pG33IeNGg2wUZBtK1uibKo2|image8": 0.1, 
        "KkRt5pG33IeNGg2wUZBtK1uibKo2|image9": 0.10526315789473684, 
        "KkRt5pG33IeNGg2wUZBtK1uibKo2|image10": 0.8461538461538461
    }, 
    "KkRt5pG33IeNGg2wUZBtK1uibKo2|profile": {
        "KkRt5pG33IeNGg2wUZBtK1uibKo2|image7": 1.0
    }, 
    "KkRt5pG33IeNGg2wUZBtK1uibKo2|image8": {
        "KkRt5pG33IeNGg2wUZBtK1uibKo2|image6": 0.07692307692307693, 
        "KkRt5pG33IeNGg2wUZBtK1uibKo2|image4": 0.13333333333333333, 
        "KkRt5pG33IeNGg2wUZBtK1uibKo2|image5": 0.1111111111111111, 
        "KkRt5pG33IeNGg2wUZBtK1uibKo2|image2": 0.058823529411764705, 
        "KkRt5pG33IeNGg2wUZBtK1uibKo2|image3": 0.047619047619047616, 
        "KkRt5pG33IeNGg2wUZBtK1uibKo2|image0": 0.1, 
        "KkRt5pG33IeNGg2wUZBtK1uibKo2|image1": 0.1, 
        "KkRt5pG33IeNGg2wUZBtK1uibKo2|image9": 0.05555555555555555, 
        "KkRt5pG33IeNGg2wUZBtK1uibKo2|image10": 0.1
    }, 
    "KkRt5pG33IeNGg2wUZBtK1uibKo2|image9": {
        "KkRt5pG33IeNGg2wUZBtK1uibKo2|image6": 0.35, 
        "KkRt5pG33IeNGg2wUZBtK1uibKo2|image4": 0.14285714285714285, 
        "KkRt5pG33IeNGg2wUZBtK1uibKo2|image5": 0.5833333333333334, 
        "KkRt5pG33IeNGg2wUZBtK1uibKo2|image2": 0.13333333333333333, 
        "KkRt5pG33IeNGg2wUZBtK1uibKo2|image3": 0.05, 
        "KkRt5pG33IeNGg2wUZBtK1uibKo2|image0": 0.10526315789473684, 
        "KkRt5pG33IeNGg2wUZBtK1uibKo2|image1": 0.10526315789473684, 
        "KkRt5pG33IeNGg2wUZBtK1uibKo2|image8": 0.05555555555555555, 
        "KkRt5pG33IeNGg2wUZBtK1uibKo2|image10": 0.10526315789473684
    }, 
    "KkRt5pG33IeNGg2wUZBtK1uibKo2|image10": {
        "KkRt5pG33IeNGg2wUZBtK1uibKo2|image6": 0.07142857142857142, 
        "KkRt5pG33IeNGg2wUZBtK1uibKo2|image4": 0.35714285714285715, 
        "KkRt5pG33IeNGg2wUZBtK1uibKo2|image5": 0.1, 
        "KkRt5pG33IeNGg2wUZBtK1uibKo2|image2": 0.1111111111111111, 
        "KkRt5pG33IeNGg2wUZBtK1uibKo2|image3": 0.043478260869565216, 
        "KkRt5pG33IeNGg2wUZBtK1uibKo2|image0": 1.0, 
        "KkRt5pG33IeNGg2wUZBtK1uibKo2|image1": 0.7142857142857143, 
        "KkRt5pG33IeNGg2wUZBtK1uibKo2|image8": 0.1, 
        "KkRt5pG33IeNGg2wUZBtK1uibKo2|image9": 0.10526315789473684
    }
}