{
    "IocH446C9fSVivn2DX4I1uyyZeA2|image14": {
        "IocH446C9fSVivn2DX4I1uyyZeA2|image15": 0.3333333333333333, 
        "IocH446C9fSVivn2DX4I1uyyZeA2|image16": 0.1, 
        "IocH446C9fSVivn2DX4I1uyyZeA2|image17": 0.6363636363636364, 
        "IocH446C9fSVivn2DX4I1uyyZeA2|image11": 0.14285714285714285, 
        "IocH446C9fSVivn2DX4I1uyyZeA2|image12": 0.3125, 
        "IocH446C9fSVivn2DX4I1uyyZeA2|image13": 0.15789473684210525, 
        "car": 0.1, 
        "face": 0.3076923076923077, 
        "IocH446C9fSVivn2DX4I1uyyZeA2|image3": 0.25, 
        "IocH446C9fSVivn2DX4I1uyyZeA2|image0": 0.21428571428571427, 
        "IocH446C9fSVivn2DX4I1uyyZeA2|image6": 0.2857142857142857, 
        "IocH446C9fSVivn2DX4I1uyyZeA2|image7": 0.23529411764705882, 
        "IocH446C9fSVivn2DX4I1uyyZeA2|image4": 0.125, 
        "IocH446C9fSVivn2DX4I1uyyZeA2|image5": 0.35714285714285715, 
        "IocH446C9fSVivn2DX4I1uyyZeA2|image8": 0.21428571428571427, 
        "IocH446C9fSVivn2DX4I1uyyZeA2|image9": 0.06666666666666667, 
        "text": 0.18181818181818182
    }, 
    "IocH446C9fSVivn2DX4I1uyyZeA2|image15": {
        "IocH446C9fSVivn2DX4I1uyyZeA2|image14": 0.3333333333333333, 
        "IocH446C9fSVivn2DX4I1uyyZeA2|image16": 0.1111111111111111, 
        "IocH446C9fSVivn2DX4I1uyyZeA2|image17": 0.23809523809523808, 
        "IocH446C9fSVivn2DX4I1uyyZeA2|image11": 0.09090909090909091, 
        "IocH446C9fSVivn2DX4I1uyyZeA2|image12": 0.8125, 
        "IocH446C9fSVivn2DX4I1uyyZeA2|image13": 0.30434782608695654, 
        "car": 0.1111111111111111, 
        "face": 0.25, 
        "IocH446C9fSVivn2DX4I1uyyZeA2|image3": 0.09523809523809523, 
        "IocH446C9fSVivn2DX4I1uyyZeA2|image0": 0.08695652173913043, 
        "IocH446C9fSVivn2DX4I1uyyZeA2|image6": 0.08333333333333333, 
        "IocH446C9fSVivn2DX4I1uyyZeA2|image7": 0.45, 
        "IocH446C9fSVivn2DX4I1uyyZeA2|image4": 0.08333333333333333, 
        "IocH446C9fSVivn2DX4I1uyyZeA2|image5": 0.17391304347826086, 
        "IocH446C9fSVivn2DX4I1uyyZeA2|image8": 0.25, 
        "IocH446C9fSVivn2DX4I1uyyZeA2|image9": 0.14285714285714285, 
        "text": 0.10526315789473684
    }, 
    "IocH446C9fSVivn2DX4I1uyyZeA2|image16": {
        "IocH446C9fSVivn2DX4I1uyyZeA2|image14": 0.1, 
        "IocH446C9fSVivn2DX4I1uyyZeA2|image15": 0.1111111111111111, 
        "IocH446C9fSVivn2DX4I1uyyZeA2|image17": 0.07692307692307693, 
        "IocH446C9fSVivn2DX4I1uyyZeA2|image11": 0.08333333333333333, 
        "IocH446C9fSVivn2DX4I1uyyZeA2|image12": 0.10714285714285714, 
        "IocH446C9fSVivn2DX4I1uyyZeA2|image13": 0.06666666666666667, 
        "car": 0.14285714285714285, 
        "face": 0.08, 
        "IocH446C9fSVivn2DX4I1uyyZeA2|image3": 0.08695652173913043, 
        "IocH446C9fSVivn2DX4I1uyyZeA2|image0": 0.08, 
        "IocH446C9fSVivn2DX4I1uyyZeA2|image6": 0.07692307692307693, 
        "IocH446C9fSVivn2DX4I1uyyZeA2|image7": 0.10714285714285714, 
        "IocH446C9fSVivn2DX4I1uyyZeA2|image4": 0.07692307692307693, 
        "IocH446C9fSVivn2DX4I1uyyZeA2|image5": 0.07407407407407407, 
        "IocH446C9fSVivn2DX4I1uyyZeA2|image8": 0.08, 
        "IocH446C9fSVivn2DX4I1uyyZeA2|image9": 0.23809523809523808, 
        "text": 0.09523809523809523
    }, 
    "IocH446C9fSVivn2DX4I1uyyZeA2|image17": {
        "IocH446C9fSVivn2DX4I1uyyZeA2|image14": 0.6363636363636364, 
        "IocH446C9fSVivn2DX4I1uyyZeA2|image15": 0.23809523809523808, 
        "IocH446C9fSVivn2DX4I1uyyZeA2|image16": 0.07692307692307693, 
        "IocH446C9fSVivn2DX4I1uyyZeA2|image11": 0.047619047619047616, 
        "IocH446C9fSVivn2DX4I1uyyZeA2|image12": 0.22727272727272727, 
        "IocH446C9fSVivn2DX4I1uyyZeA2|image13": 0.12, 
        "car": 0.07692307692307693, 
        "face": 0.21052631578947367, 
        "IocH446C9fSVivn2DX4I1uyyZeA2|image3": 0.16666666666666666, 
        "IocH446C9fSVivn2DX4I1uyyZeA2|image0": 0.15, 
        "IocH446C9fSVivn2DX4I1uyyZeA2|image6": 0.2, 
        "IocH446C9fSVivn2DX4I1uyyZeA2|image7": 0.17391304347826086, 
        "IocH446C9fSVivn2DX4I1uyyZeA2|image4": 0.09090909090909091, 
        "IocH446C9fSVivn2DX4I1uyyZeA2|image5": 0.3157894736842105, 
        "IocH446C9fSVivn2DX4I1uyyZeA2|image8": 0.09523809523809523, 
        "IocH446C9fSVivn2DX4I1uyyZeA2|image9": 0.047619047619047616, 
        "text": 0.05555555555555555
    }, 
    "IocH446C9fSVivn2DX4I1uyyZeA2|image11": {
        "IocH446C9fSVivn2DX4I1uyyZeA2|image14": 0.14285714285714285, 
        "IocH446C9fSVivn2DX4I1uyyZeA2|image15": 0.09090909090909091, 
        "IocH446C9fSVivn2DX4I1uyyZeA2|image16": 0.08333333333333333, 
        "IocH446C9fSVivn2DX4I1uyyZeA2|image17": 0.047619047619047616, 
        "IocH446C9fSVivn2DX4I1uyyZeA2|image12": 0.08695652173913043, 
        "IocH446C9fSVivn2DX4I1uyyZeA2|image13": 0.23809523809523808, 
        "car": 0.18181818181818182, 
        "face": 0.05, 
        "IocH446C9fSVivn2DX4I1uyyZeA2|image3": 0.1875, 
        "IocH446C9fSVivn2DX4I1uyyZeA2|image0": 0.16666666666666666, 
        "IocH446C9fSVivn2DX4I1uyyZeA2|image6": 0.29411764705882354, 
        "IocH446C9fSVivn2DX4I1uyyZeA2|image7": 0.08695652173913043, 
        "IocH446C9fSVivn2DX4I1uyyZeA2|image4": 0.29411764705882354, 
        "IocH446C9fSVivn2DX4I1uyyZeA2|image5": 0.2777777777777778, 
        "IocH446C9fSVivn2DX4I1uyyZeA2|image8": 0.10526315789473684, 
        "IocH446C9fSVivn2DX4I1uyyZeA2|image9": 0.05263157894736842, 
        "text": 0.13333333333333333
    }, 
    "IocH446C9fSVivn2DX4I1uyyZeA2|image12": {
        "IocH446C9fSVivn2DX4I1uyyZeA2|image14": 0.3125, 
        "IocH446C9fSVivn2DX4I1uyyZeA2|image15": 0.8125, 
        "IocH446C9fSVivn2DX4I1uyyZeA2|image16": 0.10714285714285714, 
        "IocH446C9fSVivn2DX4I1uyyZeA2|image17": 0.22727272727272727, 
        "IocH446C9fSVivn2DX4I1uyyZeA2|image11": 0.08695652173913043, 
        "IocH446C9fSVivn2DX4I1uyyZeA2|image13": 0.2916666666666667, 
        "car": 0.06896551724137931, 
        "face": 0.23809523809523808, 
        "IocH446C9fSVivn2DX4I1uyyZeA2|image3": 0.09090909090909091, 
        "IocH446C9fSVivn2DX4I1uyyZeA2|image0": 0.08333333333333333, 
        "IocH446C9fSVivn2DX4I1uyyZeA2|image6": 0.08, 
        "IocH446C9fSVivn2DX4I1uyyZeA2|image7": 0.42857142857142855, 
        "IocH446C9fSVivn2DX4I1uyyZeA2|image4": 0.17391304347826086, 
        "IocH446C9fSVivn2DX4I1uyyZeA2|image5": 0.16666666666666666, 
        "IocH446C9fSVivn2DX4I1uyyZeA2|image8": 0.3684210526315789, 
        "IocH446C9fSVivn2DX4I1uyyZeA2|image9": 0.19047619047619047, 
        "text": 0.1
    }, 
    "IocH446C9fSVivn2DX4I1uyyZeA2|image13": {
        "IocH446C9fSVivn2DX4I1uyyZeA2|image14": 0.15789473684210525, 
        "IocH446C9fSVivn2DX4I1uyyZeA2|image15": 0.30434782608695654, 
        "IocH446C9fSVivn2DX4I1uyyZeA2|image16": 0.06666666666666667, 
        "IocH446C9fSVivn2DX4I1uyyZeA2|image17": 0.12, 
        "IocH446C9fSVivn2DX4I1uyyZeA2|image11": 0.23809523809523808, 
        "IocH446C9fSVivn2DX4I1uyyZeA2|image12": 0.2916666666666667, 
        "car": 0.10344827586206896, 
        "face": 0.125, 
        "IocH446C9fSVivn2DX4I1uyyZeA2|image3": 0.13636363636363635, 
        "IocH446C9fSVivn2DX4I1uyyZeA2|image0": 0.125, 
        "IocH446C9fSVivn2DX4I1uyyZeA2|image6": 0.21739130434782608, 
        "IocH446C9fSVivn2DX4I1uyyZeA2|image7": 0.2916666666666667, 
        "IocH446C9fSVivn2DX4I1uyyZeA2|image4": 0.21739130434782608, 
        "IocH446C9fSVivn2DX4I1uyyZeA2|image5": 0.2608695652173913, 
        "IocH446C9fSVivn2DX4I1uyyZeA2|image8": 0.17391304347826086, 
        "IocH446C9fSVivn2DX4I1uyyZeA2|image9": 0.08333333333333333, 
        "text": 0.09523809523809523
    }, 
    "car": {
        "IocH446C9fSVivn2DX4I1uyyZeA2|image14": 0.1, 
        "IocH446C9fSVivn2DX4I1uyyZeA2|image15": 0.1111111111111111, 
        "IocH446C9fSVivn2DX4I1uyyZeA2|image16": 0.14285714285714285, 
        "IocH446C9fSVivn2DX4I1uyyZeA2|image17": 0.07692307692307693, 
        "IocH446C9fSVivn2DX4I1uyyZeA2|image11": 0.18181818181818182, 
        "IocH446C9fSVivn2DX4I1uyyZeA2|image12": 0.06896551724137931,