{
    "car": {
        "text": 0.09523809523809523, 
        "12345|image0": 0.09523809523809523, 
        "face": 0.08
    }, 
    "face": {
        "car": 0.08, 
        "12345|image0": 0.125, 
        "text": 0.125
    }, 
    "12345|image0": {
        "car": 0.09523809523809523, 
        "face": 0.125, 
        "text": 0.2727272727272727
    }, 
    "text": {
        "car": 0.09523809523809523, 
        "12345|image0": 0.4, 
        "face": 0.125
    }
}