{
    "car": {
        "text": 0.09090909090909091, 
        "face": 0.08695652173913043
    }, 
    "face": {
        "car": 0.08695652173913043, 
        "text": 0.5454545454545454
    }, 
    "text": {
        "car": 0.09090909090909091, 
        "face": 0.5454545454545454
    }
}