{
    "dj6MtibIFJPsb6h27TJ45U5h6XB2|image0": {
        "dj6MtibIFJPsb6h27TJ45U5h6XB2|image2": 0.21052631578947367, 
        "dj6MtibIFJPsb6h27TJ45U5h6XB2|image3": 0.11764705882352941
    }, 
    "dj6MtibIFJPsb6h27TJ45U5h6XB2|image1": {
        "dj6MtibIFJPsb6h27TJ45U5h6XB2|image3": 0.09090909090909091
    }, 
    "dj6MtibIFJPsb6h27TJ45U5h6XB2|image2": {
        "dj6MtibIFJPsb6h27TJ45U5h6XB2|image0": 0.21052631578947367
    }, 
    "dj6MtibIFJPsb6h27TJ45U5h6XB2|image3": {
        "dj6MtibIFJPsb6h27TJ45U5h6XB2|image0": 0.11764705882352941, 
        "dj6MtibIFJPsb6h27TJ45U5h6XB2|image1": 0.09090909090909091
    }
}