{
    "car": {
        "text": 0.09090909090909091, 
        "face": 0.08
    }, 
    "face": {
        "car": 0.08, 
        "text": 0.11764705882352941
    }, 
    "text": {
        "car": 0.09090909090909091, 
        "face": 0.11764705882352941
    }
}