{
    "car": {
        "text": 0.09523809523809523, 
        "face": 0.08
    }, 
    "face": {
        "car": 0.08, 
        "text": 0.125
    }, 
    "text": {
        "car": 0.09523809523809523, 
        "face": 0.125
    }
}